<?xml version="1.0" encoding="UTF-8"?>
<record_update sys_domain="global" table="sys_filter">
    <sys_filter action="INSERT_OR_UPDATE">
        <filter table="sp_page">idSTARTSWITH^idISNOTEMPTY^EQ<item endquery="false" field="id" goto="false" newquery="false" operator="STARTSWITH" or="false" value=""/>
            <item endquery="false" field="id" goto="false" newquery="false" operator="ISNOTEMPTY" or="false" value=""/>
            <item endquery="true" field="" goto="false" newquery="false" operator="=" or="false" value=""/>
        </filter>
        <group/>
        <last_used>2017-04-10 19:06:56</last_used>
        <mobile>true</mobile>
        <roles/>
        <sys_class_name>sys_filter</sys_class_name>
        <sys_created_by>admin</sys_created_by>
        <sys_created_on>2017-04-10 19:06:56</sys_created_on>
        <sys_domain>global</sys_domain>
        <sys_domain_path>/</sys_domain_path>
        <sys_id>c6d8d2e1094232007f44e1046c8ff657</sys_id>
        <sys_mod_count>0</sys_mod_count>
        <sys_name>mobile</sys_name>
        <sys_package display_value="CreateNotes" source="x_snc_createnotes">df5fd9a5090232007f44e1046c8ff69f</sys_package>
        <sys_policy/>
        <sys_scope display_value="CreateNotes">df5fd9a5090232007f44e1046c8ff69f</sys_scope>
        <sys_update_name>sys_filter_c6d8d2e1094232007f44e1046c8ff657</sys_update_name>
        <sys_updated_by>admin</sys_updated_by>
        <sys_updated_on>2017-04-10 19:06:56</sys_updated_on>
        <table>sp_page</table>
        <title>mobile</title>
        <user display_value="System Administrator">6816f79cc0a8016401c5a33be04be441</user>
    </sys_filter>
</record_update>
